song_id,song_name,album,duration,popularity,explicit,danceability,energy,acousticness,instrumentalness,valence
1,iNSaNiTY,Lucid,4.92825,49,False,0.383,0.792,0.064,0,0.382
2,Fighting With The Melody,The Secret Cinematic Sounds of Jimmy Urine,4.128883333,58,False,0.734,0.953,0.0163,0.0439,0.741
3,Mr. Brightside,Hot Fuss,3.716216667,88,False,0.352,0.911,0.00121,0,0.236
4,U With Me?,Views,4.956216667,65,True,0.429,0.43,0.338,1.18e-05,0.125
5,Marvins Room,Take Care (Deluxe),5.7871,77,True,0.492,0.26,0.646,0.00178,0.312
6,Legend,Phantom,3.161316667,62,False,0.294,0.707,0.0408,0.106,0.0395
7,Basics in Behavior - Blue Version,Basics in Behavior (Blue Version),3.962516667,60,False,0.323,0.796,0.178,0,0.355
8,Blame (feat. John Newman),Motion,3.549333333,80,False,0.414,0.857,0.0287,0.00574,0.348
9,I Was Made For Lovin' You,Dynasty,4.520666667,84,False,0.768,0.852,0.214,7.36e-05,0.867
10,Future People,Future People,2.62765,39,False,0.602,0.896,0.00498,3.17e-06,0.791
11,Starburster,Romance,3.690833333,76,True,0.511,0.862,0.0656,1.86e-06,0.361
12,Blood // Water,Blood // Water,3.612,71,False,0.51,0.882,0.00158,0.00206,0.653
13,Burning Blue,Burning Blue,3.428733333,72,False,0.383,0.565,0.118,0,0.188
14,Clocks,A Rush of Blood to the Head,5.131316667,85,False,0.577,0.749,0.599,0.0115,0.255
15,Can't Take My Eyes off You,Solo,3.394666667,80,False,0.581,0.78,0.508,1.07e-05,0.561
16,Run Boy Run,The Golden Age,3.554433333,73,False,0.506,0.959,0.084,0.000655,0.34
17,Low (feat. T-Pain),Mail on Sunday,3.856666667,84,False,0.918,0.609,0.0928,0,0.304
18,Tainted Love,Non-Stop Erotic Cabaret,2.563333333,79,False,0.5,0.501,0.462,0,0.623
19,Won't Get Fooled Again - Original Album Version,Who's Next (Deluxe Edition),8.523333333,64,False,0.686,0.92,0.301,0.27,0.225
20,Love Is Love,One of One,3.494333333,0,False,0.771,0.764,0.567,0,0.709
21,Bring Me To Life,Fallen,3.93155,87,False,0.331,0.943,0.00721,2.06e-06,0.296
22,I Wanna Be A Machine,"Beat Saber (Original Game Soundtrack), Vol. V",3.427416667,55,False,0.604,0.866,0.00258,0,0.488
23,Five Nights at Freddy's,Five Nights at Freddy's (Original Motion Picture Soundtrack),2.267016667,69,False,0.538,0.61,0.236,0.939,0.321
24,One More Time,Discovery,5.339283333,81,False,0.613,0.697,0.0194,0,0.476
25,Cats,Cats,1.229483333,60,False,0.771,0.482,0.000277,0.95,0.734
26,Sun,Beacon,3.128666667,0,False,0.649,0.528,0.00965,0.000435,0.598
27,A Sky Full of Stars,Ghost Stories,4.464433333,86,False,0.545,0.675,0.00617,0.00197,0.162
28,From Time,Nothing Was The Same,5.369333333,67,True,0.739,0.491,0.626,0,0.448
29,The Temple Of The King,Ritchie Blackmore's Rainbow,4.700216667,60,False,0.486,0.487,0.445,1.44e-05,0.373
30,Summer Of '69,Reckless (30th Anniversary / Deluxe Edition),3.600883333,82,False,0.509,0.834,0.0183,0,0.774
31,The Bidding,Marvin's Marvelous Mechanical Museum,2.676883333,65,False,0.538,0.607,0.248,5.54e-06,0.515
32,Ms. Jackson,Stankonia,4.508433333,82,True,0.843,0.806,0.143,0,0.613
33,Stronger,Graduation,5.197766667,82,True,0.617,0.716,0.0056,0,0.496
34,Practice,Take Care (Deluxe),3.962216667,78,True,0.446,0.239,0.574,7.76e-05,0.31
35,Feel the Love (feat. John Newman),Home,4.086433333,67,False,0.385,0.705,0.0026,0.000184,0.24
36,Hayloft II,Inside (Deluxe),3.584,73,False,0.326,0.866,0.0044,7.37e-06,0.172
37,Where Is My Mind?,Death to the Pixies,3.820433333,74,False,0.513,0.442,0.00731,0.000838,0.243
38,Somewhere Only We Know,Hopes And Fears,3.936,77,False,0.453,0.655,0.0794,7.06e-06,0.366
39,The Resistance,Thank Me Later,3.756,69,True,0.547,0.741,0.822,0,0.637
40,Cabinet Man,Spirit Phone,4.377916667,52,False,0.725,0.497,0.0519,0.017,0.954
41,Look Who’s Inside Again,INSIDE,1.39035,62,True,0.643,0.331,0.761,0,0.648
42,Feel Better,Public Void,4.2105,63,True,0.594,0.335,0.747,0.0111,0.343
43,You Didn’t Know,Hazbin Hotel (Original Soundtrack),3.144616667,66,True,0.507,0.691,0.384,0,0.621
44,Lift Yourself Freestyle,Lift Yourself Freestyle,4.098016667,52,True,0.775,0.585,0.0629,0,0.657
45,When I Was Your Man,Unorthodox Jukebox,3.563766667,87,False,0.612,0.28,0.932,0,0.387
46,Over & Over,Over & Over,1.66915,67,True,0.531,0.554,0.846,0.00146,0.377
47,Worth It,The Golden Child,3.154216667,69,False,0.749,0.535,0.517,0,0.459
48,Sabotage,Ill Communication,2.974,73,True,0.324,0.938,0.032,0.0321,0.543
49,SimpsonWave1995,"FrankJavCee Collection, Vol. 1, Pt. II",2.3767,63,False,0.661,0.375,0.0566,0.555,0.645
50,Sunflower - Spider-Man: Into the Spider-Verse,Hollywood's Bleeding,2.626,81,False,0.755,0.522,0.533,0,0.925
51,Hidden In the Sand,Marvin's Marvelous Mechanical Museum,1.882666667,70,False,0.547,0.287,0.514,0.774,0.177
52,Because I Got High,The Good Times,3.296,67,True,0.802,0.341,0.169,0,0.849
53,Goodbyes (feat. Young Thug),Hollywood's Bleeding,2.914216667,76,True,0.547,0.653,0.456,0,0.163
54,Never Let Me Down Again,Music for the Masses (Deluxe),4.802,66,False,0.584,0.897,0.297,0.0329,0.577
55,Shooting Stars,Bag Raiders (Deluxe),3.930216667,68,False,0.636,0.72,0.0893,0.0178,0.425
56,The Lamp Is Low,sad songs compilation: crying myself to sleep,2.8465,2,False,0.486,0.313,0.894,0.948,0.199
57,Where'd All the Time Go?,"Shame, Shame (Deluxe Edition)",3.913333333,79,False,0.454,0.82,0.132,0.000969,0.575
58,Devil Town,Cavetown,2.99925,71,False,0.576,0.759,0.12,0,0.501
59,Blinding Lights,After Hours,3.334,90,False,0.513,0.73,0.00143,9.54e-05,0.334
60,Invader Invader,Kyary Pamyu Pamyu Songs for Music Festival - フェスで聴きたいきゃりーぱみゅぱみゅ,4.1957,40,False,0.536,0.923,0.0406,1.72e-06,0.776
61,Love,The Way It Is,4.25555,82,False,0.688,0.518,0.0642,0,0.314
62,Tomorrow 2 (with Cardi B),"Anyways, Life’s Great…",3.49685,69,True,0.839,0.813,0.0744,0,0.711
63,Can You Feel My Heart,Sempiternal (Expanded Edition),3.802433333,78,True,0.15,0.859,0.00201,0.194,0.354
64,Drop That Low (When I Dip),Drop That Low (When I Dip),2.66665,65,False,0.586,0.896,0.00945,0.836,0.103
65,My Time,Pale Machine,5.2328,57,False,0.445,0.361,0.608,0,0.0677
66,Centuries,American Beauty/American Psycho,3.806,4,False,0.383,0.861,0.0038,0,0.48
67,1985,THE INSIDE OUTTAKES,2.444233333,67,True,0.646,0.724,0.0432,0,0.894
68,Heart-Shaped Box,In Utero (Deluxe Edition),4.686,81,False,0.256,0.641,0.199,0.0329,0.382
69,Amygdala's Rag Doll,Thanks to You Song,4.5897,61,False,0.592,0.793,0.718,0.035,0.607
70,M a k e I t T o T h e M o r n i n g,PARTYNEXTDOOR 4 (P4),2.80755,82,True,0.677,0.622,0.0831,0.00749,0.0903
71,In This Shirt,Mirror Mirror,5.585766667,72,False,0.293,0.394,0.691,0.382,0.0384
72,She's Homeless,She's Homeless,4.208316667,0,True,0.626,0.815,0.0888,0,0.373
73,Habits (Stay High),Queen Of The Clouds,3.486,75,False,0.733,0.65,0.0703,6.59e-05,0.348
74,Lotta True Crime,Public Void,3.371983333,63,True,0.504,0.407,0.325,0.0645,0.403
75,9,Views,4.2631,80,True,0.68,0.712,0.000803,0.000612,0.0379
76,Piece Of Your Heart,Piece Of Your Heart,2.54855,68,False,0.677,0.744,0.0404,0.00016,0.631
77,Miss Alissa,Peace Love Death Metal,2.643333333,50,False,0.55,0.991,0.805,0,0.882
78,Recognize (feat. Drake),PARTYNEXTDOOR TWO,5.186616667,74,True,0.644,0.541,0.0102,0,0.165
79,2 seconds - Bonus,Sailing Soul(s),2.54,65,True,0.657,0.633,0.575,0,0.493
80,Pink Matter,channel ORANGE,4.480216667,79,True,0.392,0.233,0.951,0.000322,0.494
81,Feel So Close - Radio Edit,18 Months,3.440216667,81,False,0.707,0.924,0.000972,0.00703,0.919
82,Palmtree Panic,Palmtree Panic,2.823633333,0,False,0.6,0.788,0.0601,0.503,0.952
83,Boulevard of Broken Dreams,Boulevard of Broken Dreams,4.354433333,72,True,0.49,0.679,0.00394,1.54e-05,0.506
84,Karma,TV (Deluxe Edition),3.911916667,47,False,0.405,0.855,0.0997,2.12e-05,0.273
85,Move Your Feet/Technologic - Radio Edit,Move Your Feet/Technologic (Radio Edit),3.7683,27,False,0.698,0.931,0.0102,0.215,0.371
86,Paper Planes,Kala,3.42,78,False,0.447,0.848,0.033,7.46e-05,0.485
87,Kids,Oracular Spectacular,5.047333333,81,False,0.451,0.931,0.00076,0.0049,0.172
88,Kids,Oracular Spectacular,5.047333333,81,False,0.451,0.931,0.00076,0.0049,0.172
89,Young,Vibes,3.152666667,78,False,0.498,0.81,0.00392,0.00717,0.594
90,I Don't Give a Fuck,Cruisin’ Down Da Block,2.019033333,51,True,0.742,0.814,1.78e-05,0.836,0.178
91,Bang!,OK ORCHESTRA,2.847983333,3,False,0.737,0.534,0.0174,0,0.689
92,The Muffin Song (asdfmovie),The Muffin Song (asdfmovie),3.117416667,54,False,0.911,0.842,0.205,1.48e-05,0.578
93,ENA MIX,ENA MIX,2.1614,0,False,0.611,0.708,0.0334,0.00108,0.283
94,Pepper,Electriclarryland,4.954433333,67,False,0.631,0.804,0.00589,0.00116,0.671
95,Closer,Only By The Night,3.958,72,False,0.398,0.768,0.469,2.02e-05,0.235
96,Fly Away,5,3.688866667,75,False,0.587,0.872,0.018,0,0.735
97,Baby Hotline,Baby Hotline / Tea Errors,4.855283333,70,False,0.74,0.357,0.377,0.047,0.453
98,Eeeaaaooo,Eeeaaaooo,2.49165,0,False,0.69,0.5,0.0201,1.32e-05,0.501
99,Viva La Vida,Viva La Vida or Death and All His Friends,4.03955,66,False,0.486,0.617,0.0954,3.23e-06,0.417
100,Gypsy Woman (She's Homeless) (La Da Dee La Da Da) - Basement Boy Strip To The Bone Mix,Surprise,7.530433333,70,False,0.484,0.641,0.000779,0.278,0.181
101,lean back,just friends,2.15,45,False,0.724,0.122,0.91,0.907,0.0906
102,Die In a Fire (feat. EileMonty & Orko),Die In A Fire,3.091283333,62,False,0.535,0.672,0.0275,0,0.521
103,Lust For Life,So Far Gone,2.936316667,59,True,0.462,0.422,0.939,0.0327,0.0853
104,Drunk-Dazed,BORDER : CARNIVAL,3.221,76,False,0.599,0.869,0.000707,0,0.453
105,Dream On,Aerosmith,4.459933333,83,False,0.392,0.476,0.397,0.000163,0.234
106,N o C h i l l,PARTYNEXTDOOR 4 (P4),4.422883333,76,True,0.575,0.411,0.509,0.00321,0.062
107,I Can't Decide,Ta-Dah,2.776216667,65,True,0.69,0.795,0.255,0,0.872
108,Circles,Hollywood's Bleeding,3.588,85,False,0.695,0.763,0.189,0.00242,0.551
109,Can't Hold Us (feat. Ray Dalton),The Heist,4.307183333,82,False,0.633,0.927,0.0267,0,0.88
110,American Boy,Shine,4.74555,4,True,0.727,0.729,0.171,0,0.512
111,TBH,PARTYNEXTDOOR,2.051333333,77,False,0.543,0.681,0.159,1.49e-06,0.154
112,Devil's Blood - Vinticious Version,Vinticious Versions,3.551083333,12,False,0.626,0.447,0.127,0.0648,0.523
113,Leave Me Lonely,The Great Expanse,3.246216667,59,False,0.763,0.874,0.27,0,0.755
114,Favourite,Romance,4.267766667,70,False,0.353,0.875,0.000114,1.13e-06,0.424
115,ENA REMIX,ENA REMIX,2.1616,5,False,0.612,0.696,0.0306,0.00141,0.282
116,"What Is Love - 7"" Mix",What Is Love (Remixes),4.506216667,6,False,0.683,0.772,0.0222,0.0149,0.737
117,Go,Born In The Echoes,4.344933333,60,True,0.751,0.897,0.00957,2.88e-05,0.482
118,9mm,Memphis Cult Vol. 6,1.44515,0,True,0.739,0.913,0.00311,2.61e-05,0.307
119,WHAT YOU WANT!,WHAT YOU WANT!,2.040233333,61,True,0.46,0.941,0.00353,1.9e-05,0.794
120,Always Forever,Static,3.7291,79,False,0.174,0.742,0.00181,0.281,0.36
121,SugarCrash!,SugarCrash!,1.334666667,67,True,0.748,0.734,0.524,1.15e-05,0.368
122,Stranglehold,Ted Nugent,8.384433333,63,False,0.484,0.711,0.0183,0.173,0.49
123,Cameras / Good Ones Go Interlude - Medley,Take Care (Deluxe),7.249333333,75,True,0.441,0.403,0.255,1.27e-05,0.158
124,Body,Body,2.720266667,5,False,0.752,0.764,0.0476,9.5e-05,0.583
125,Input Source Select - Vinticious Version,Vinticious Versions,2.666216667,34,False,0.768,0.801,0.0631,0.003,0.61
126,Broken Clocks,Ctrl,3.854216667,77,True,0.692,0.684,0.131,0,0.406
127,My Alcoholic Friends,"Yes, Virginia",2.794666667,71,False,0.596,0.679,0.18,0,0.746
128,Say It,I Told You,3.9631,78,True,0.546,0.529,0.0869,6.37e-06,0.248
129,POWER,My Beautiful Dark Twisted Fantasy,4.868216667,78,True,0.542,0.914,0.0161,0,0.576
130,Hell’s Greatest Dad,Hazbin Hotel (Original Soundtrack),2.228616667,67,False,0.679,0.827,0.139,0,0.922
131,Money Trees,"good kid, m.A.A.d city",6.448433333,78,True,0.716,0.531,0.0703,0,0.344
132,Me or Sum (feat. Future & Lil Baby),Who is Nardo Wick?,3.758883333,60,True,0.534,0.573,0.00926,0,0.373
133,The Night Begin to Shine,The Night Begin to Shine,3.5095,56,True,0.621,0.61,0.00429,0.0921,0.339
134,Went Legit,Greatest Rapper Alive,2.34145,73,True,0.769,0.888,0.035,0,0.603
135,Empire State Of Mind,The Blueprint 3,4.615333333,84,True,0.491,0.956,0.0295,0,0.811
136,Five Nights at Freddy's,Five Nights at Freddy's,2.76385,73,False,0.491,0.771,0.00149,0.000262,0.242
137,Everybody Talks,Picture Show,2.954666667,78,True,0.471,0.924,0.00301,0,0.716
138,Softcore,Hard To Imagine The Neighbourhood Ever Changing,3.438,85,False,0.575,0.568,0.0484,0.000417,0.37
139,Do Not Disturb,More Life,4.725833333,77,True,0.618,0.693,0.246,0,0.454
140,SOMEBODY LOVES ME,$ome $exy $ongs 4 U,3.046116667,79,True,0.365,0.511,0.514,0,0.222
141,Hansel,Hansel & Gretel,5.95375,58,False,0.787,0.208,0.827,0,0.485
142,That's When I Think of You,...ish,4.220883333,50,False,0.566,0.789,0.00262,0.117,0.437
143,Passing Through (Can't the Future Just Wait),Passing Through (Can't the Future Just Wait),3.219833333,64,False,0.54,0.151,0.905,3.25e-06,0.666
144,イイコと妖狐,きくおミク7,3.8881,51,False,0.69,0.883,0.0524,0.00259,0.914
145,In Bloom,Nevermind (Remastered),4.251333333,70,False,0.436,0.876,3.33e-05,0.000104,0.512
146,Two Birds,Far,3.264,71,False,0.546,0.5,0.802,0.00108,0.449
147,Nowhere To Run,The Dino Soars,5,60,False,0.809,0.668,0.678,0.0147,0.636
148,Copycat,715,4.67745,54,False,0.379,0.671,0.265,0.000186,0.222
149,Hey Ya!,Speakerboxxx/The Love Below,3.920216667,82,True,0.727,0.974,0.103,0.000532,0.965
150,Every Day,Pale Machine,2.5375,60,False,0.646,0.671,0.288,0.0024,0.586
151,Sweater Weather,I Love You.,4.006666667,91,False,0.612,0.807,0.0495,0.0177,0.398
152,It Was A Good Day,The Predator,4.333333333,79,True,0.798,0.744,0.33,0.000106,0.794
153,Mr. Blue Sky,Out of the Blue,5.056216667,79,False,0.388,0.338,0.652,3.73e-06,0.478
154,PERSIAN RUGS,PARTYPACK,2.9051,69,True,0.768,0.428,0.0489,0.000491,0.147
155,Cupid,Dinner Is Not Over / There's Something Happening / Keyman / Cupid,3.67075,66,False,0.572,0.514,0.942,0.814,0.442
156,Counting Stars,Native,4.28775,87,False,0.663,0.706,0.0654,0,0.474
157,The Mind Electric,Hawaii: Part II,6.222166667,0,False,0.27,0.436,0.625,0.017,0.517
158,The Worst,Sail Out,4.24155,72,True,0.539,0.414,0.253,1.3e-06,0.123
159,Mary On A Cross,Seven Inches of Satanic Panic,4.080066667,81,False,0.463,0.898,0.000288,0.000236,0.563
160,Hate It Or Love It,The Documentary,3.44,82,True,0.802,0.785,0.14,0,0.435
161,Day After Day - Remastered 2010,Straight Up (Remastered 2010 / Deluxe Edition),3.184216667,54,False,0.399,0.686,0.109,0.000874,0.377
162,Little Dark Age,Little Dark Age,4.999333333,79,False,0.705,0.712,0.0102,0.000855,0.62
163,Pump It,Monkey Business,3.5511,81,True,0.648,0.931,0.00937,0,0.744
164,My Way - 2008 Remastered,Nothing But The Best (2008 Remastered),4.604216667,72,False,0.278,0.43,0.354,0,0.24
165,All We Do,Trigga Reloaded,4.464,55,True,0.673,0.492,0.315,0,0.336
166,Ride,Blurryface,3.5751,82,False,0.645,0.713,0.00835,0,0.566
167,phony,phony,3.152933333,52,False,0.626,0.781,0.00649,0,0.739
168,Blue Monday '88,The Best of New Order,4.078666667,67,False,0.681,0.893,6.47e-05,0.383,0.951
169,You Can't Hide,You Can't Hide,4.475433333,63,False,0.742,0.552,0.151,0.00231,0.711
170,Perfect Nothing,Nothing Perfect,2.4137,60,False,0.537,0.875,0.0761,0,0.754
171,REVIVED,Records of the SMP,2.56295,55,False,0.651,0.647,0.525,6.37e-06,0.575
172,Sultans Of Swing,Dire Straits,5.806666667,83,False,0.733,0.794,0.0614,0.0367,0.931
173,Five Nights at Freddy's 4 Song,Five Nights at Freddy's Songs,3.6875,11,False,0.572,0.774,0.00898,0,0.255
174,Hungry Like the Wolf - 2009 Remaster,Rio (Collector's Edition),3.6771,76,False,0.691,0.812,0.0433,1.16e-06,0.685
175,Blue Hair,Death of a Party Girl,3.616666667,82,False,0.751,0.72,0.554,0.0497,0.884
176,Tom Tom,Congrats,3.795333333,65,False,0.615,0.564,0.000345,0.927,0.243
177,Here We Are,UNDERTALE Soundtrack,2.1032,49,False,0.741,0.676,0.723,0.873,0.861
178,Out For Love,Hazbin Hotel (Original Soundtrack),1.505083333,65,False,0.764,0.875,0.0249,0,0.968
179,Young And Beautiful [Lana Del Rey vs. Cedric Gervais] - Cedric Gervais Remix Radio Edit,Young And Beautiful [Lana Del Rey vs. Cedric Gervais] (Cedric Gervais Remix Radio Edit),3.785233333,32,False,0.551,0.874,0.0427,0.00129,0.421
180,Where's Your Head At,Rooty,4.758883333,70,False,0.61,0.918,6.42e-05,0.0853,0.415
181,Omae Wa Mou,Omae Wa Mou,1.892466667,59,False,0.728,0.67,0.569,0.798,0.701
182,Under the Bridge,Blood Sugar Sex Magik (Deluxe Edition),4.4051,84,False,0.559,0.345,0.0576,0.000105,0.458
183,Seven Nation Army,Elephant,3.868433333,83,False,0.743,0.446,0.0039,0.118,0.278
184,Back To Black,Back To Black (Deluxe Edition),4.02155,82,True,0.434,0.422,0.134,2.05e-05,0.377
185,My Ordinary Life,My Ordinary Life,3.8485,73,False,0.641,0.801,0.00544,0.419,0.6
186,Don't You (Forget About Me),Once Upon A Time (Super Deluxe),4.384,75,False,0.66,0.816,0.168,0.0181,0.678
187,What You Know,Tourist History,3.1951,5,False,0.563,0.739,0.00073,1.45e-05,0.775
188,LIKE ME (feat. 42 Dugg & Lil Baby),I NEVER LIKED YOU,2.216433333,60,True,0.741,0.788,0.00119,0,0.307
189,Personal Lies,Twenty Twenty,4.992433333,53,False,0.618,0.547,0.0102,0.000403,0.572
190,By the Sword,By the Sword,2.096866667,58,True,0.685,0.76,0.0199,0.151,0.781
191,Run Run!,Run Run!,3.43205,57,False,0.426,0.8,0.0963,0.00186,0.377
192,California Love - Original Version,Greatest Hits,4.748433333,80,True,0.763,0.85,0.0304,1.21e-06,0.761
193,Rev Up Power Up,Rev Up Power Up,3.5671,54,False,0.5,0.924,0.0381,0,0.753
194,Her Way,PARTYNEXTDOOR TWO,3.6105,77,True,0.542,0.487,0.0544,0.000885,0.119
195,Touch-Tone Telephone,Spirit Phone,4.712266667,57,False,0.626,0.701,0.179,0.000441,0.566
196,Coming Down,House Of Balloons (Original),4.923916667,78,False,0.694,0.649,0.303,2.41e-05,0.344
197,Never Be Alone,Never Be Alone,3,65,False,0.63,0.686,0.029,1.36e-05,0.781
198,Echo,Echo,3.8336,0,True,0.634,0.91,0.0892,0,0.355
199,Numb Little Bug,Numb Little Bug,2.820616667,69,False,0.742,0.527,0.327,0,0.638
200,Polar Opposites,For All The Dogs,4.286333333,64,True,0.44,0.274,0.0924,3.37e-06,0.343
201,That Girl From Valley Road,That Girl From Valley Road,2.626666667,12,False,0.598,0.777,0.12,0.000112,0.706
202,"Let Us Adore You (feat. Christine Ebersole, Lisa Hannigan, Patti LuPone & Sarah Stiles) - Reprise",Steven Universe The Movie (Original Soundtrack),1.870016667,58,False,0.381,0.249,0.818,0,0.254
203,Don't,T R A P S O U L,3.304883333,83,True,0.765,0.356,0.223,0,0.189
204,Not You Too (feat. Chris Brown),Dark Lane Demo Tapes,4.494666667,83,True,0.458,0.452,0.342,1.94e-05,0.316
205,She Sells Sanctuary,Love,4.208883333,69,False,0.55,0.765,4.76e-06,0.873,0.419
206,Help,Uncovered,4.420666667,31,False,0.498,0.28,0.532,0,0.138
207,Cheating,Tribute,3.703633333,51,False,0.509,0.809,0.00157,0,0.293
208,Welcome to The Internet,INSIDE,4.599983333,66,True,0.665,0.527,0.663,0,0.219
209,Nobody Speak (feat. Run The Jewels),The Mountain Will Fall,3.266083333,36,True,0.62,0.814,0.0403,0.0025,0.303
210,Gold Dust - Radio Edit,Gold Dust,3.207433333,61,False,0.451,0.948,0.255,0,0.295
211,I'm so crazy for youuu </3,I'm so crazy for youuu </3,1.83555,71,True,0.517,0.995,0.0785,0,0.803
212,Swing Lynn,I'm Sure,5.3573,71,False,0.464,0.945,0.0506,0.756,0.453
213,Ruler of Everything,Marvin's Marvelous Mechanical Museum,3.701766667,61,False,0.58,0.791,0.196,0.00326,0.343
214,Chateau (Feel Alright),Twenty Twenty,4.53595,66,False,0.641,0.365,0.434,8.49e-06,0.343
215,Locked out of Heaven,Unorthodox Jukebox,3.8913,88,False,0.726,0.698,0.049,0,0.867
216,Open The Door (That's Not My Neighbor Song),Open The Door (That's Not My Neighbor Song),3.45,57,True,0.808,0.862,0.00662,3.17e-05,0.795
217,Misery Meat,Misery Meat,1.070633333,1,False,0.824,0.371,0.886,3.9e-05,0.685
218,White Room,Wheels Of Fire,4.972216667,70,False,0.553,0.576,0.191,0.00664,0.457
219,Turn the Lights Off,Good & Evil,2.943766667,62,False,0.392,0.702,0.137,0,0.771
220,Bohemian Rhapsody,Bohemian Rhapsody (The Original Soundtrack),5.915783333,74,False,0.39,0.395,0.288,0,0.247
221,Can't Stop,By the Way (Deluxe Edition),4.483333333,85,False,0.618,0.938,0.0179,0,0.875
222,Hotel California - 2013 Remaster,Hotel California (2013 Remaster),6.522933333,84,False,0.579,0.508,0.00574,0.000494,0.609
223,O Superman,Big Science,8.4191,53,False,0.8,0.024,0.963,0.207,0.309
224,Le Monde - From Talk to Me,Talk to Me (Original Soundtrack),2.24755,61,False,0.768,0.469,0.135,0.863,0.5
225,One Last Breath,Weathered,3.970666667,82,False,0.386,0.677,0.00841,0.00366,0.195
226,An Unhealthy Obsession,An Unhealthy Obsession,2.972516667,71,False,0.761,0.529,0.175,0,0.855
227,Exchange,T R A P S O U L,3.24355,78,True,0.525,0.433,0.107,0,0.276
228,It's Been So Long,It's Been So Long,2.906566667,73,False,0.564,0.647,0.114,0,0.458
229,Runaway (U & I),Pharmacy,3.78455,76,False,0.506,0.805,0.00711,0.00193,0.383
230,Canned Heat,Synkronized,5.529333333,69,False,0.7,0.865,0.0136,7.71e-05,0.78
231,Wonderland,<I°_°I>,3.1759,48,False,0.771,0.817,0.314,0.00338,0.523
232,Lady - Hear Me Tonight,Modjo (Remastered),5.119216667,81,False,0.72,0.808,0.00793,0.0293,0.869
233,Ocean Drive,Duality,3.438666667,76,False,0.67,0.776,0.00388,0.000184,0.624
234,Rät,Public Void,3.236083333,69,True,0.609,0.449,0.326,0.000115,0.309
235,Forever Ever (feat. Young Thug & Reese LAFLARE),LIFE'S A TRIP,3.966383333,80,True,0.69,0.424,0.396,0,0.39
236,Money For Nothing,Brothers In Arms - 20th Anniversary Edition,8.40555,11,False,0.642,0.766,0.0407,0.000103,0.593
237,Biohazard,CONCIENTIA,4.142,0,False,0.67,0.922,0.188,0,0.341
238,Heaven Says.,Heaven Says.,2.025,0,True,0.53,0.657,0.0152,0.249,0.0826
239,Hide and Seek,Hide and Seek,2.313333333,57,False,0.625,0.726,0.335,0,0.559
240,ECHO (feat. Gumi) [dj-Jo Remix],ECHO (dj-Jo Remix),3.94285,39,False,0.669,0.86,0.00983,0.000764,0.626
241,Join Us for a Bite,All Five Nights,3.94185,47,False,0.595,0.752,0.0461,0,0.386
242,Survive the Night,Five Songs for Freddy,5.811016667,59,False,0.684,0.577,0.0182,0,0.246
243,【鬼蜘蛛ト狐ノ獅子ト】The Spider and the Kitsune-Like Lion,【2013】【鬼蜘蛛ト狐ノ獅子ト】The Spider and the Kitsune-Like Lion,4.2802,0,True,0.551,0.991,0.134,0.774,0.87
244,Thank You And Goodnight,Thank You And Goodnight,3.289133333,59,False,0.486,0.66,0.148,0,0.677
245,Daughter,Peer Pressure,2.707233333,28,False,0.828,0.554,0.0641,0,0.33
246,GOSSIP (feat. Tom Morello),GOSSIP (feat. Tom Morello),2.804666667,66,True,0.706,0.821,0.00164,0,0.918
247,I Ain't Worried,"I Ain’t Worried (Music From The Motion Picture ""Top Gun: Maverick"")",2.47475,81,False,0.704,0.797,0.0826,0.000745,0.825
248,Verbatim,Touch Up,2.805333333,71,True,0.827,0.58,0.309,0,0.491
249,Seven Nation Army - The Glitch Mob Remix,Seven Nation Army (The Glitch Mob Remix),4.283683333,61,False,0.701,0.844,0.152,0.626,0.198
250,Connect,Nothing Was The Same,4.940216667,53,True,0.683,0.49,0.406,0,0.465
251,What I've Done,Minutes to Midnight,3.426883333,45,False,0.623,0.93,0.0141,1.64e-06,0.287
252,When You Want Me,Porsche,3.8854,47,False,0.577,0.763,0.00178,0.000437,0.825
253,Solo,HNDRXX,4.433266667,83,True,0.784,0.486,0.0538,0.497,0.0894
254,living room flow - Bonus,Sailing Soul(s),4.374666667,67,True,0.698,0.423,0.607,0.000296,0.311
255,As It Was,As It Was,2.788383333,14,False,0.52,0.731,0.342,0.00101,0.662
256,Feel It,WITHERED,2.6329,70,False,0.62,0.594,0.0357,0,0.483
257,AaAaAaAAaAaAAa (feat. HATSUNE MIKU),Owari,3.6611,54,False,0.336,0.946,0.00221,0.0184,0.552
258,Cold Island,"My Singing Monsters, Vol. 2 (Original Game Soundtrack)",2.74285,59,False,0.706,0.577,0.298,6.43e-06,0.579
259,Un-thinkable (I'm Ready) (feat. Drake) - Remix,Un-thinkable (I'm Ready) (feat. Drake) [Remix],4.700433333,76,False,0.531,0.603,0.728,0,0.228
260,Happy Face,33,2.829333333,0,False,0.419,0.707,0.0174,0,0.37
261,Go Kitty Go,Go Kitty Go,1.302633333,0,False,0.891,0.888,0.53,0.0297,0.643
262,Girlfriend,Girlfriend,3.787866667,18,False,0.763,0.356,0.119,7.24e-06,0.214
263,Rock DJ,Sing When You're Winning,4.309333333,70,False,0.708,0.772,0.0267,0,0.861
264,Love Is A Long Road,Full Moon Fever,4.126666667,66,False,0.64,0.622,0.0303,7.63e-05,0.496
265,Stayed Gone,Hazbin Hotel (Original Soundtrack),3.007916667,68,True,0.382,0.836,0.0725,0,0.444
266,Casino,Casino,2.4,45,False,0.794,0.79,0.0182,0.000427,0.808
267,dumb dumb,the rainbow cassette,2.0876,36,False,0.783,0.472,0.22,0.000458,0.589
268,Pull Up,Strictly 4 My Fans,3.4737,57,True,0.483,0.607,0.117,0,0.302
269,Pyramids,channel ORANGE,9.882,78,True,0.4,0.65,0.0118,7.62e-05,0.15
270,Friday I'm In Love,Wish,3.586,78,False,0.526,0.763,0.00126,6.75e-05,0.514
271,Metronome,Metronome,3.940733333,21,False,0.66,0.512,0.00695,5.09e-06,0.588
272,On the Level,This Old Dog,3.794216667,68,False,0.573,0.473,0.0927,0.398,0.523
273,Come a Little Closer,Melophobia,3.822433333,74,False,0.44,0.778,0.0265,1.04e-06,0.304
274,Murder On The Dancefloor,Read My Lips (Deluxe Version),3.83355,79,False,0.73,0.849,0.00234,2.57e-05,0.887
275,Again,Again,4.12435,46,False,0.411,0.9,0.0444,0,0.297
276,Ghostbusters,Ghostbusters (Original Motion Picture Soundtrack) [2016],3.744666667,54,False,0.693,0.887,0.00905,0.000118,0.656
277,Tell Me Why - Radio Edit,Tell Me Why,2.897766667,71,False,0.554,0.91,0.00143,0.000111,0.682
278,Blow My Brains Out,Tikkle Me,3.706716667,62,False,0.55,0.884,0.0867,1.55e-05,0.549
279,Labyrinth,Hawaii: Part II,2.54575,0,False,0.758,0.816,0.0365,0.000256,0.394
280,Taking What's Not Yours,Who Really Cares,3.4275,78,False,0.712,0.914,0.65,0,0.697
281,Deceptacon,Le Tigre,3.0771,79,True,0.603,0.864,0.055,0.00493,0.616
282,Bitter Sweet Symphony - Remastered 2016,Urban Hymns (Remastered 2016),5.954433333,83,False,0.356,0.917,0.0335,0,0.518
283,Are You Bored Yet? (feat. Clairo),Nothing Happens,2.966666667,76,False,0.682,0.683,0.156,2.32e-05,0.64
284,505,Favourite Worst Nightmare (Standard Version),4.226433333,81,False,0.52,0.852,0.00237,5.79e-05,0.234
285,MILLION DOLLAR BABY,MILLION DOLLAR BABY,2.58585,82,False,0.852,0.697,0.0973,0.00037,0.919
286,The Reason,The Reason (20th Anniversary),3.88,83,False,0.474,0.671,0.0129,0,0.0682
287,Belong to the City,PARTYNEXTDOOR TWO,1.633716667,79,True,0.582,0.482,0.709,0.00138,0.193
288,Bed Peace,Sail Out,4.267983333,69,True,0.628,0.566,0.269,3.67e-05,0.299
289,Electric Pow Wow Drum,A Tribe Called Red,3.664216667,53,False,0.658,0.573,0.023,0.0613,0.583
290,The Chain - 2004 Remaster,Rumours (Super Deluxe),4.50355,86,False,0.545,0.67,0.009,0.000822,0.481
291,Free Bird,Pronounced' Leh-'Nerd 'Skin-'Nerd,9.118433333,78,False,0.249,0.834,0.0742,9.69e-05,0.337
292,Sum 2 Prove,My Turn,3.429333333,73,True,0.827,0.552,0.0169,0,0.408
293,Break from Toronto,PARTYNEXTDOOR,1.65355,82,True,0.595,0.678,0.0199,0.00389,0.259
294,Insane,Insane,2.6619,74,False,0.716,0.712,0.193,0,0.797
295,Lonely Boy,El Camino,3.22755,68,False,0.356,0.872,0.00417,0.00975,0.607
296,Alastor's Game,Alastor's Game,3.076816667,58,False,0.405,0.897,0.00637,1.79e-06,0.744
297,"Holding Out for a Hero - From ""Footloose"" Soundtrack",Secret Dreams and Forbidden Fire,5.80555,74,False,0.616,0.685,0.0245,1.13e-05,0.895
298,Epoch - The Living Tombstone Remix,Neon : Remixes,3.181816667,60,False,0.473,0.645,0.242,0,0.627
299,Low Down,My Turn (Deluxe),2.41085,70,True,0.962,0.619,0.0354,0,0.154
300,"Rhythm Is a Dancer - 7"" Edit",The Madman's Return,3.7647,72,False,0.794,0.745,0.271,0.00041,0.706
301,Phonky Town,Phonky Town,2.355716667,62,True,0.805,0.816,0.363,0.826,0.338
302,The Safety Dance,Greatest,2.747766667,61,False,0.525,0.882,0.0252,0,0.623
303,i wanna be your girlfriend,i wanna be your girlfriend,3.4165,74,True,0.541,0.382,0.0215,0.000836,0.343
304,There's Something Happening,Dinner Is Not Over / There's Something Happening / Keyman / Cupid,3.091716667,60,False,0.654,0.696,0.372,0.0187,0.923
305,Honey,Honey,3.32015,62,True,0.606,0.24,0.772,0,0.526
306,Right My Wrongs,T R A P S O U L,4.155333333,79,False,0.543,0.449,0.345,0,0.29
307,Young Girl A,Alive,3.691666667,67,False,0.629,0.804,0.0169,0.000497,0.294
308,Love Me Again,Tribute,3.998233333,78,False,0.495,0.894,0.00453,0.000596,0.213
309,Flashing Lights,Graduation,3.958433333,86,True,0.639,0.628,0.0381,0,0.43
310,No. 1 Party Anthem,AM,4.052183333,86,False,0.505,0.698,0.33,0.0887,0.599
311,Goosebumps - Remix,Goosebumps (Remix),2.713366667,73,True,0.841,0.593,0.418,0,0.808
312,Use Somebody,Only By The Night,3.846,80,False,0.276,0.715,0.00552,0.000417,0.173
313,Bennie And The Jets - Remastered 2014,Goodbye Yellow Brick Road (Remastered),5.3758,74,False,0.665,0.673,0.259,7.62e-06,0.779
314,This Comes From Inside,This Comes From Inside,3.396666667,58,False,0.418,0.502,0.19,6.27e-06,0.0533
315,Reckless (Don't Be So...) - Remastered,Semantics (Remastered),5.3998,59,False,0.7,0.339,0.168,8.3e-05,0.219
316,Jerk It Out,Love For The Streets,3.2611,70,False,0.58,0.981,0.0171,1.07e-05,0.861
317,Memories (feat. Kid Cudi),One More Love,3.514216667,62,False,0.546,0.916,0.00144,4.34e-06,0.375
318,From A Woman,To Be Eaten Alive,3.03455,64,False,0.291,0.371,0.0369,2.28e-05,0.156
319,Housewife Radio,Thanks to You Song,3.8008,55,False,0.527,0.91,0.433,5.55e-06,0.924
320,WORTH NOTHING - Fast & Furious: Drift Tape/Phonk Vol 1,WORTH NOTHING (Fast & Furious: Drift Tape/Phonk Vol 1),2.743816667,3,True,0.604,0.601,0.15,0.000579,0.156
321,Burning Pile,O My Heart,4.36955,70,False,0.515,0.755,0.0633,0.00101,0.165
322,I Can't Fix You (feat. Crusher-P),I Can't Fix You,4.6457,67,False,0.461,0.795,4.55e-05,0.106,0.364
323,I'd Rather Sleep,Intro Bonito,1.922533333,64,False,0.766,0.58,0.0109,0.337,0.852
324,Can I Call You Tonight?,Fuzzybrain,4.64615,75,False,0.641,0.842,0.134,0.911,0.499
325,Radioactive,Night Visions,3.11355,80,False,0.448,0.784,0.0999,0.000108,0.237
326,Candle Queen,Candle Queen,2.553466667,61,False,0.85,0.389,0.504,0,0.907
327,"Paint It, Black",Aftermath,3.3711,83,False,0.464,0.795,0.0493,0.00244,0.612
328,Blow My High,Focus More On Me (Deluxe),2.48605,76,True,0.574,0.481,0.027,0,0.104
329,X Gon' Give It To Ya - Int'l Bonus track,Grand Champ,3.662216667,67,False,0.754,0.825,0.039,0,0.64
330,When the War Is Over,Age Of Reason,4.808216667,36,False,0.447,0.47,0.129,1.32e-05,0.294
331,Firestarter,Firestarter,3.608333333,40,False,0.453,0.628,0.349,0.123,0.396
332,Cigarette Ahegao,Public Void,3.066533333,58,True,0.654,0.285,0.0966,0.0216,0.148
333,Baby Wyd (Remix) (feat. Latto & Lakeyah),Who is Nardo Wick?? (Deluxe),3.804633333,37,True,0.694,0.676,0.0218,0,0.606
334,To the Bone,Game On!,4.89,39,False,0.776,0.857,0.195,0,0.852
335,Heaven 2 Hell,Heaven 2 Hell,2.5357,57,False,0.806,0.613,0.352,0,0.863
336,Digital Silence,Digital Silence,3.300433333,60,False,0.312,0.966,0.0846,7.83e-06,0.454
337,Always n Forever (feat. Lil Baby),RY RY WORLD,3.284,70,True,0.634,0.455,0.261,1.94e-06,0.221
338,Lovers Rock,French Exit,3.565333333,86,False,0.559,0.871,7.53e-06,0.00545,0.572
339,Aftershock,Aftershock,3.84,54,False,0.688,0.922,0.263,0.0302,0.695
340,Paradise City,Appetite For Destruction,6.76,82,False,0.268,0.98,0.019,0.00692,0.39
341,The Village,The Village,3.838216667,59,False,0.55,0.363,0.534,0,0.286
342,Pompeii,Bad Blood,3.569116667,77,False,0.679,0.715,0.0755,0,0.571
343,Six Days - Remix,Six Days,3.87555,69,False,0.699,0.908,0.13,0.000194,0.692
344,Pretty Green Eyes (Sunset Ibiza Mix),Pretty Green Eyes (Sunset Ibiza Mix),4.311366667,13,False,0.599,0.927,0.00478,0.063,0.462
345,Kickstart My Heart,Dr. Feelgood (Deluxe Version),4.733766667,6,False,0.465,0.977,0.00111,0.00298,0.233
346,we fell in love in october,we fell in love in october / October Passed Me By,3.069216667,88,False,0.566,0.366,0.113,0.181,0.237
347,Run Through The Jungle,Cosmo's Factory (Expanded Edition),3.0791,60,False,0.641,0.612,0.0474,0.0588,0.854
348,Reasons,Whispering Jack,4.432883333,37,False,0.653,0.627,0.2,9.71e-05,0.635
349,ECHO - ReAdmission Remix,ECHO / ReAdmission Remix,4.008033333,30,False,0.47,0.964,0.00597,0.000907,0.267
350,The Less I Know The Better,Currents,3.605333333,87,True,0.64,0.74,0.0115,0.00678,0.785
351,Honey I'm Home,Honey I'm Home,3.551416667,58,False,0.515,0.847,0.216,4.6e-06,0.599
352,Club Paradise,Care Package,4.730266667,69,True,0.338,0.729,0.758,3.24e-05,0.543
353,Cosby Sweater,Walking Under Stars,3.628666667,66,True,0.794,0.81,0.629,1.73e-06,0.802
354,Remember the Name (feat. Styles of Beyond),The Rising Tied,3.84155,67,True,0.688,0.835,0.0583,2.87e-06,0.88
355,Wednesday Night Interlude,If You're Reading This It's Too Late,3.538,63,True,0.312,0.466,0.729,7.34e-06,0.195
356,Anonymous M,META,2.667416667,48,False,0.763,0.792,0.175,1.59e-05,0.876
357,Cigarettes out the Window,Who Really Cares,3.316,85,False,0.625,0.659,0.12,0,0.594
358,Iris,Dizzy up the Girl,4.82555,92,False,0.315,0.715,0.00125,7.97e-06,0.497
359,Miss Wanna Die,Miss Wanna Die,3.393933333,60,False,0.63,0.835,0.152,2.22e-06,0.533
360,World's Smallest Violin,OK ORCHESTRA,3.012366667,2,False,0.68,0.696,0.116,0,0.684
361,Baby Blue - Remastered 2010,Straight Up (Remastered 2010 / Deluxe Edition),3.622433333,61,False,0.623,0.876,0.0189,0.0134,0.515
362,Traffic Jam,Traffic Jam,4.00525,40,False,0.721,0.9,0.00131,0.000154,0.747
363,Wicked Witch,Who is Nardo Wick?,2.720666667,56,True,0.68,0.638,0.00257,0.00196,0.322
364,Murders,Hawaii: Part II,3.71635,0,False,0.336,0.4,0.872,0.333,0.24
365,Hell Is Forever,Hazbin Hotel (Original Soundtrack),2.344216667,67,True,0.695,0.796,0.213,0,0.937
366,It Ain't Over 'Til It's Over,Mama Said,4.044,79,False,0.679,0.568,0.422,0.00928,0.93
367,Dollhouse,Cry Baby (Deluxe Edition),3.864216667,72,False,0.725,0.708,0.22,0,0.555
368,"Never Recover (Lil Baby & Gunna, Drake)",Drip Harder,3.245533333,72,True,0.753,0.686,0.0677,0,0.886
369,Discord,Discord,3.2296,69,False,0.677,0.83,0.00806,3.35e-05,0.829
370,Black Out Days,Voices,3.786,67,False,0.542,0.795,0.00506,0.019,0.43
371,+♂(プラスダンシ),松下が二次元に恋する15の理由(通常盤),3.608333333,25,False,0.603,0.977,0.0862,0,0.614
372,Safe And Sound,In A Tidal Wave Of Mystery (Deluxe Edition),3.21315,13,False,0.655,0.819,0.000176,0.00374,0.766
373,"Loser, Baby",Hazbin Hotel (Original Soundtrack),2.91855,69,True,0.483,0.528,0.497,0,0.628
374,On Top,Flume,3.851766667,0,False,0.528,0.757,0.00957,5.53e-05,0.304
375,Creep,Pablo Honey,3.977333333,91,True,0.515,0.43,0.0097,0.000133,0.104
376,Overtime,Hardwood Classic,2.372,58,True,0.497,0.627,0.0868,0,0.528
377,You're the Voice,Whispering Jack,5.012216667,63,False,0.502,0.66,0.393,0.000138,0.722
378,Stuck Inside,Stuck Inside,2.881433333,64,False,0.742,0.771,0.0412,0,0.81
379,Paris,Memories...Do Not Open,3.691766667,79,False,0.653,0.658,0.0215,1.66e-06,0.219
380,Triflin Hoes,Just Cause Y'all Waited 2,2.4,64,True,0.798,0.792,0.0164,0.000382,0.598
381,High ft. Nicole Millar,High,3.8,56,False,0.525,0.803,0.00129,0.000868,0.383
382,BIG DICK RANDY,BAROWEEN,2.49185,63,True,0.622,0.54,0.173,0,0.533
383,The Scientist,A Rush of Blood to the Head,5.16,88,False,0.557,0.442,0.731,1.46e-05,0.213
384,Drop the Tapes,Limiter,3.8204,10,False,0.595,0.876,0.0486,0.913,0.636
385,Shine,"Hints, Allegations & Things Left Unsaid",5.100666667,72,False,0.543,0.423,0.295,0.0862,0.355
386,On My Knees,On My Knees,4.350016667,60,False,0.683,0.571,0.0335,0.0616,0.29
387,stacy's brother,stacy's brother,3.04,52,False,0.576,0.753,0.267,0.0351,0.475
388,Miku,Miku,3.718733333,68,False,0.717,0.713,0.27,0.00045,0.552
389,The Nosebleed Section,The Calling,3.660666667,64,True,0.846,0.828,0.51,1.28e-06,0.908
390,Below the Surface,Below the Surface,2.247616667,0,False,0.715,0.421,0.338,0,0.56
391,Sofia,Immunity,3.139766667,42,False,0.744,0.619,0.598,0.00372,0.641
392,Afraid,I Love You.,4.186433333,76,True,0.464,0.701,0.00892,0.309,0.356
393,House Of The Rising Sun,The Animals,4.521333333,73,False,0.295,0.584,0.000385,0.218,0.228
394,Lose Control,Lose Control,2.80645,69,False,0.598,0.527,0.129,0,0.53
395,Better Now,beerbongs & bentleys,3.854433333,80,True,0.674,0.578,0.331,0,0.34
396,Busy Earnin',Jungle,3.029533333,64,False,0.552,0.883,0.209,4.91e-06,0.745
397,"Kernkraft 400 - DJ Gius Mix, Radio Edit",Kernkraft 400 Single Mixes,3.454433333,61,False,0.714,0.528,0.00415,0.854,0.297
398,Texas,AMAR,2.43555,77,True,0.764,0.63,0.0125,0,0.351
399,See You Again (feat. Kali Uchis),Flower Boy,3.006433333,88,True,0.558,0.559,0.371,7.49e-06,0.62
400,Christmas Kids,I Can't Handle Change,2.26155,72,True,0.426,0.754,0.0104,0.114,0.556
401,Go Kitty Go,Go Kitty Go,1.306166667,27,False,0.887,0.514,0.0837,4.94e-06,0.452
402,all I want is you,all I want is you,2.523583333,73,True,0.46,0.999,0.112,0,0.779
403,FUKOUNA GIRL,FUKOUNA GIRL,3.89495,61,False,0.413,0.993,0.363,0.00311,0.336
404,"Sex, Drugs, Etc.",Pineapple Sunrise,3.279733333,80,False,0.57,0.842,0.0136,0.00876,0.47
405,Outside (feat. Ellie Goulding),Motion,3.787766667,85,False,0.646,0.823,0.213,0,0.418
406,Summertime Sadness (Lana Del Rey Vs. Cedric Gervais) - Cedric Gervais Remix,Summertime Sadness [Lana Del Rey vs. Cedric Gervais] (Cedric Gervais Remix),3.581866667,55,False,0.572,0.81,0.0157,6.53e-06,0.11
407,That’s So True,The Secret of Us (Deluxe),2.771666667,89,True,0.554,0.808,0.214,0,0.372
408,the village - mtf version,the village (mtf version),3.068216667,39,False,0.601,0.377,0.906,0,0.318
409,Fighter,Cheeseburger Family / Fighter,4.080183333,61,False,0.625,0.418,0.487,0.00408,0.295
410,Relaxed Scene,Mystery Movie,1.617066667,66,False,0.548,0.0282,0.936,0.596,0.22
411,"Moves Like Jagger - Studio Recording From ""The Voice"" Performance",Hands All Over (Revised International Standard version),3.358216667,81,False,0.722,0.761,0.0119,0,0.624
412,No Church In The Wild,Watch The Throne,4.541766667,76,True,0.654,0.75,0.244,0.0178,0.557
413,Highest In The Room,Dance Fruits Music,2.896966667,0,True,0.736,0.719,0.39,0.000514,0.448
414,Sweet Child O' Mine,Appetite For Destruction,5.934433333,87,False,0.445,0.952,0.09,0.0843,0.624
415,Ain't No Rest For The Wicked - Original Version,Cage The Elephant,2.924883333,66,False,0.635,0.914,0.0597,0,0.922
416,Casin,Points of Interest,1.769216667,54,False,0.964,0.658,0.0734,0.0348,0.731
417,Headlock,Speak for Yourself,3.59135,4,False,0.805,0.371,0.8,0,0.808
418,Paradise,Mylo Xyloto,4.645316667,47,False,0.449,0.585,0.0509,8.75e-05,0.212
419,シニタイちゃん,シニタイちゃん,3.57575,52,False,0.666,0.981,0.0329,0.295,0.46
420,Punkrocker (feat. Iggy Pop) - As featured in Superman,Soft Machine,4.1131,72,False,0.552,0.797,0.000422,0.655,0.306
